AbbottTech:HenryAbbottRVT
Acad.oftheHolyFamily:AcademyoftheHolyFamily
AmericanSchoolfortheDeaf:AMD
Amistad:AmistadAcademy
Amity:AmityReg
Ansonia:Ansonia
Avon:Avon
BaconAcademy:BaconAcademy
Bassick:Bassick
Berlin:Berlin
Bethel:Bethel
Bloomfield:Bloomfield
Bolton:Bolton
Branford:Branford
BridgeportCentral:BridgeportCentral
BrienMcMahon:BrienMcMahon
BristolCentral:BristolCentral
BristolEastern:BristolEastern
Brookfield:Brookfield
Bulkeley:Bulkeley
BullardHavensTech:BullardHavensRVT
Bunnell:Bunnell
Canton:CantonJrSr
CapitalPrepMagnet:CapitalPrep
CareerMagnet:CareerMagnet
CheneyTech:HowellCheneyRVT
Cheshire:Cheshire
ClassicalMagnet:GreaterHartfordClassical
Coginchaug:CoginchaugReg
Conard:Conard
Coventry:Coventry
Cromwell:Cromwell
Crosby:Crosby
Danbury:Danbury
DanielHand:DanielHand
Darien:Darien
Derby:Derby
E.O.Smith:EOSmith
EastCatholic:EastCatholic
EastGranby:EastGranby
EastHampton:EastHampton
EastHartford:EastHartford
EastHaven:EastHaven
EastLyme:EastLyme
EastWindsor:EastWindsorJrSr
Ellington:Ellington
EllisTech:HarvardEllisRVT
Enfield:Enfield
FairfieldLudlowe:FairfieldLudlowe
FairfieldPrep:FairfieldCollegePreparatory
FairfieldWarde:FairfieldWarde
Farmington:Farmington
Fermi:EnricoFermi
Fitch:FitchSr
Foran:JosephForan
Gilbert:Gilbert
Glastonbury:Glastonbury
GoodwinTech:ECGoodwinRVT
GranbyMemorial:GranbyMemorial
GrassoTech:GrassoSoutheasternRVT
Greenwich:Greenwich
Griswold:Griswold
Guilford:Guilford
Haddam-Killingworth:HaddamKillingworth
HaleRay:NathanHaleRay
Hall:WmHall
Hamden:Hamden
Harding:WarrenHarding
HartfordPublic:HartfordPublic
Hillhouse:JamesHillhouse
HolyCross:HolyCross
HousatonicRegional:HousatonicValleyReg
HydeLeadership:HydeLeadership
Immaculate:Immaculate
JoelBarlow:JoelBarlow
JonathanLaw:JonathanLaw
KaynorTech:WFKaynorRVT
Kennedy:JFKennedy
Killingly:Killingly
KolbeCathedral:KolbeCathedral
LauraltonHall:AcademyofOurLadyofMercy
Ledyard:Ledyard
LewisMills:LewisMills
Litchfield:Litchfield
LymanHall:LymanHall
LymanMemorial:LymanMemorial
Maloney:Maloney
Manchester:Manchester
Masuk:Masuk
Mercy:Mercy
Middletown:Middletown
Montville:Montville
Morgan:Morgan
Naugatuck:Naugatuck
NewBritain:NewBritain
NewCanaan:NewCanaan
NewFairfield:NewFairfield
NewLondon:NewLondon
NewMilford:NewMilford
Newington:Newington
Newtown:Newtown
Nonnewaug:Nonnewaug
NorthBranford:NorthBranford
NorthHaven:NorthHaven
NorthwestCatholic:NorthwestCatholic
Northwestern:NorthwesternReg
Norwalk:Norwalk
NorwichFreeAcademy:NorwichFreeAcademy
NorwichTech:NorwichRVT
NotreDame-Fairfield:NotreDameCatholic
NotreDame-WestHaven:NotreDame
O'BrienTech:EmmettOBrienRVT
OldLyme:LymeOldLyme
OldSaybrook:OldSaybrook
Oxford:Oxford
ParishHill:ParishHillMiddleSr
Plainfield:Plainfield
Plainville:Plainville
Platt:OHPlatt
PlattTech:PlattRVT
Pomperaug:Pomperaug
Portland:Portland
PrinceTech:AIPrinceRVT
Putnam:Putnam
RHAM:RHAM
Ridgefield:Ridgefield
Rockville:Rockville
RockyHill:RockyHill
SacredHeart:SacredHeart
SacredHeartAcademy:SacredHeartAcademy
Seymour:Seymour
Sheehan:Sheehan
Shelton:Shelton
ShepaugValley:ShepaugValley
Simsbury:Simsbury
SMSA:SportsSciencesAcademy
Somers:Somers
SouthWindsor:SouthWindsor
Southington:Southington
St.Bernard:StBernard
St.Joseph:StJoseph
St.PaulCatholic:StPaulCatholic
Stafford:Stafford
Stamford:Stamford
StamfordAcademy:StamfordAcademy
Staples:Staples
Stonington:Stonington
Stratford:Stratford
Suffield:Suffield
Terryville:Terryville
Thomaston:Thomaston
Tolland:Tolland
Torrington:Torrington
Tourtellotte:TourtellotteMemorial
TrinityCatholic:TrinityCatholic
Trumbull:Trumbull
ValleyRegional:ValleyReg
VinalTech:VinalRVT
Wamogo:WamogoReg
Waterford:Waterford
Watertown:Watertown
Weaver:Weaver
WestHaven:WestHaven
Westbrook:Westbrook
Westhill:Westhill
Weston:Weston
Wethersfield:Wethersfield
Wheeler:Wheeler
WhitneyTech:EliWhitneyRVT
WilburCross:WilburCross
Wilby:Wilby
WilcoxTech:HCWilcoxRVT
Wilton:Wilton
Windham:Windham
WindhamTech:WindhamRVT
Windsor:Windsor
WindsorLocks:WindsorLocks
Wolcott:Wolcott
WolcottTech:OliverWolcottRVT
Woodland:Woodland
WoodstockAcademy:WoodstockAcademy
Xavier:Xavier
